"id","user_id","wisata_id","wisata_name","timestamp"
1,2,"2",Pantai Watu Ulo,2025-12-17 04:13:46.206
2,2,"2",Pantai Watu Ulo,2025-12-17 04:13:46.272
3,2,"56",Teluk Love,2025-12-17 04:13:48.030
4,2,"12",Pantai Papuma,2025-12-17 04:14:47.845
5,2,"12",Pantai Papuma,2025-12-17 04:14:47.908
6,1,"2",Pantai Watu Ulo,2025-12-17 05:38:04.780
7,1,"2",Pantai Watu Ulo,2025-12-17 05:38:04.879
8,3,"2",Pantai Watu Ulo,2025-12-19 03:47:45.114
9,3,"2",Pantai Watu Ulo,2025-12-19 03:47:45.121
10,3,"23",Pantai Nanggelan,2025-12-19 03:47:51.255
11,3,"2",Pantai Watu Ulo,2025-12-19 03:48:02.780
12,3,"2",Pantai Watu Ulo,2025-12-19 03:48:02.979
13,1,"2",Pantai Watu Ulo,2025-12-24 14:23:19.806
14,1,"2",Pantai Watu Ulo,2025-12-24 14:23:19.822
15,1,"21",Pantai Payangan,2025-12-24 14:23:41.058
16,1,"12",Pantai Papuma,2025-12-24 14:23:46.270
17,1,"26",Pantai Bandealit,2025-12-24 14:23:48.504
18,1,"4",Bin Cigar,2025-12-24 14:40:24.536
19,1,"4",Bin Cigar,2025-12-24 14:40:24.603
20,1,"8",Pemandian Kebon Agung,2025-12-24 14:41:11.825
21,1,"8",Pemandian Kebon Agung,2025-12-24 14:41:11.832
22,1,"48",Desa Budaya Klungkung,2025-12-24 14:41:15.478
23,1,"33",Situs Calok,2025-12-24 14:41:18.167
24,1,"52",Museum Tembakau,2025-12-24 14:41:20.907
25,1,"55",Museum Juang Sroedji Sudut Kalisat,2025-12-24 14:41:23.420
26,1,"12",Pantai Papuma,2025-12-24 16:59:38.249
27,1,"12",Pantai Papuma,2025-12-24 16:59:38.647
28,1,"2",Pantai Watu Ulo,2025-12-24 16:59:44.992
29,1,"2",Pantai Watu Ulo,2025-12-24 16:59:44.993
30,1,"23",Pantai Nanggelan,2025-12-24 16:59:50.991
31,1,"26",Pantai Bandealit,2025-12-24 16:59:54.558
32,1,"5",Makam Habib Soleh Tanggul,2025-12-27 07:19:10.123
33,1,"5",Makam Habib Soleh Tanggul,2025-12-27 07:19:10.183
34,1,"55",Museum Juang Sroedji Sudut Kalisat,2025-12-27 07:19:15.997
35,1,"2",Pantai Watu Ulo,2025-12-27 07:27:11.922
36,1,"2",Pantai Watu Ulo,2025-12-27 07:27:11.944
37,1,"9",Pantai Pancer,2025-12-27 07:27:57.348
38,1,"23",Pantai Nanggelan,2025-12-27 07:28:01.079
39,1,"2",Pantai Watu Ulo,2025-12-27 07:28:11.266
40,1,"2",Pantai Watu Ulo,2025-12-27 07:28:11.272
41,1,"56",Teluk Love,2025-12-27 07:28:13.534
42,1,"37",Gumuk Watu,2025-12-27 07:28:17.120
43,1,"30",Rest Area Gumitir,2025-12-27 07:28:19.800
44,1,"12",Pantai Papuma,2025-12-27 07:29:46.622
45,1,"12",Pantai Papuma,2025-12-27 07:29:46.680
46,1,"4",Bin Cigar,2025-12-27 07:32:34.048
47,1,"4",Bin Cigar,2025-12-27 07:32:34.049
48,1,"53",Museum Boemi Poeger,2025-12-27 07:32:36.360
49,1,"34",Watu Gong,2025-12-27 07:32:38.899
50,1,"36",Air Terjun Anugerah,2025-12-27 07:32:40.661
51,1,"9",Pantai Pancer,2025-12-27 07:35:28.147
52,1,"9",Pantai Pancer,2025-12-27 07:35:28.152
53,1,"26",Pantai Bandealit,2025-12-27 07:35:43.833
54,1,"2",Pantai Watu Ulo,2025-12-27 07:35:46.624
55,1,"12",Pantai Papuma,2025-12-27 07:35:50.255
56,2,"2",Pantai Watu Ulo,2025-12-29 10:29:26.007
57,2,"2",Pantai Watu Ulo,2025-12-29 10:29:27.159
58,2,"2",Pantai Watu Ulo,2025-12-29 10:29:41.189
59,2,"2",Pantai Watu Ulo,2025-12-29 10:29:41.193
60,1,"2",Pantai Watu Ulo,2025-12-29 10:40:49.953
61,1,"2",Pantai Watu Ulo,2025-12-29 10:40:50.006
62,2,"3",Puslit Kopi & Kakao Indonesia,2025-12-29 12:00:16.784
63,2,"3",Puslit Kopi & Kakao Indonesia,2025-12-29 12:00:16.844
64,2,"4",Bin Cigar,2025-12-29 12:00:24.034
65,2,"4",Bin Cigar,2025-12-29 12:00:24.077
66,2,"35",Candi Deres,2025-12-29 12:00:26.749
67,2,"3",Puslit Kopi & Kakao Indonesia,2025-12-29 12:14:39.745
68,2,"3",Puslit Kopi & Kakao Indonesia,2025-12-29 12:14:39.846
69,2,"3",Puslit Kopi & Kakao Indonesia,2025-12-29 13:13:35.419
70,2,"3",Puslit Kopi & Kakao Indonesia,2025-12-29 13:13:36.809
71,2,"55",Museum Juang Sroedji Sudut Kalisat,2025-12-29 13:13:40.383
72,2,"54",Kampoeng Creative JFC,2025-12-29 13:13:41.779
73,2,"3",Puslit Kopi & Kakao Indonesia,2025-12-29 13:13:43.146
74,2,"7",Gunung Gambir,2025-12-29 13:13:45.682
75,2,"39",Boma Gunung Pasang,2025-12-29 13:13:47.647
76,2,"2",Pantai Watu Ulo,2025-12-29 13:14:01.392
77,2,"2",Pantai Watu Ulo,2025-12-29 13:14:01.455
78,2,"9",Pantai Pancer,2025-12-29 13:14:02.805
79,2,"19",Air Terjun Tancak Tulis,2025-12-29 13:14:05.987
80,2,"13",Pemandian Patemon,2025-12-29 13:14:08.261
81,2,"20",Taman Botani Sukorambi,2025-12-29 13:14:11.768
82,2,"40",Puncak Badean,2025-12-29 13:14:13.155
83,2,"25",Pantai Paseban,2025-12-29 13:25:59.848
84,2,"25",Pantai Paseban,2025-12-29 13:26:00.948
85,2,"3",Puslit Kopi & Kakao Indonesia,2025-12-29 17:04:02.527
86,2,"9",Pantai Pancer,2025-12-30 06:16:20.005
87,2,"21",Pantai Payangan,2025-12-30 06:16:22.243
88,2,"23",Pantai Nanggelan,2025-12-30 06:16:24.318
89,2,"12",Pantai Papuma,2025-12-30 06:16:26.564
90,2,"19",Air Terjun Tancak Tulis,2025-12-30 06:52:58.964
91,2,"19",Air Terjun Tancak Tulis,2025-12-30 06:52:58.974
92,2,"12",Pantai Papuma,2025-12-30 07:18:38.227
93,2,"12",Pantai Papuma,2025-12-30 07:18:38.252
94,6,"11",Rimba Camp,2026-01-07 06:57:50.719
95,7,"3",Puslit Kopi & Kakao Indonesia,2026-01-07 06:59:17.498
96,8,"9",Pantai Pancer,2026-01-07 06:59:31.689
97,11,"4",Bin Cigar,2026-01-07 07:00:11.981
98,7,"7",Gunung Gambir,2026-01-07 07:00:43.373
99,11,"25",Pantai Paseban,2026-01-07 07:00:50.791
100,14,"6",Desa Wisata Sidomulyo,2026-01-07 07:01:15.188
101,7,"53",Museum Boemi Poeger,2026-01-07 07:03:11.583
102,7,"13",Pemandian Patemon,2026-01-07 07:05:32.772
103,7,"53",Museum Boemi Poeger,2026-01-07 07:05:54.204
104,2,"23",Pantai Nanggelan,2026-01-09 16:02:31.985
105,2,"9",Pantai Pancer,2026-01-09 16:02:35.285
106,2,"5",Makam Habib Soleh Tanggul,2026-01-09 16:02:42.651
107,2,"41",Citra Mandiri,2026-01-09 16:02:46.753
108,2,"20",Taman Botani Sukorambi,2026-01-09 16:02:50.003
109,2,"5",Makam Habib Soleh Tanggul,2026-01-09 16:02:58.283
110,2,"48",Desa Budaya Klungkung,2026-01-09 16:03:02.061
111,2,"46",Kampung Wisata Tanoker Ledokombo,2026-01-09 16:03:05.391
112,2,"47",Desa Adat Arjasa,2026-01-09 16:03:07.423
113,2,"1",Puncak Rembangan Resort,2026-01-09 16:03:09.058
114,2,"3",Puslit Kopi & Kakao Indonesia,2026-01-10 02:24:02.384
115,2,"2",Pantai Watu Ulo,2026-01-13 12:49:14.969
116,16,"2",Pantai Watu Ulo,2026-01-13 13:31:36.671
117,16,"26",Pantai Bandealit,2026-01-13 13:31:38.150
118,16,"2",Pantai Watu Ulo,2026-01-13 13:31:39.683
119,16,"9",Pantai Pancer,2026-01-13 13:31:41.214
120,16,"12",Pantai Papuma,2026-01-13 13:31:43.268
123,16,"9",Pantai Pancer,2026-01-13 13:31:48.595
126,1,"3",Puslit Kopi & Kakao Indonesia,2026-01-13 13:45:25.334
121,16,"21",Pantai Payangan,2026-01-13 13:31:44.988
124,16,"21",Pantai Payangan,2026-01-13 13:31:50.140
122,16,"2",Pantai Watu Ulo,2026-01-13 13:31:46.396
125,16,"19",Air Terjun Tancak Tulis,2026-01-13 13:31:52.517
127,2,"4",Bin Cigar,2026-01-14 06:40:57.704
128,2,"2",Pantai Watu Ulo,2026-01-15 15:27:17.849
129,2,"2",Pantai Watu Ulo,2026-01-15 15:27:28.635
130,2,"2",Pantai Watu Ulo,2026-01-16 08:40:46.058
131,18,"2",Pantai Watu Ulo,2026-05-19 07:34:09.524
132,18,"1",Puncak Rembangan Resort,2026-05-19 07:34:31.770
133,18,"1",Puncak Rembangan Resort,2026-05-19 07:34:42.921
134,19,"2",Pantai Watu Ulo,2026-05-19 07:41:09.510
135,19,"56",Teluk Love,2026-05-19 07:41:29.351
136,19,"43",Seger Nusantara,2026-05-19 07:41:34.449
137,19,"56",Teluk Love,2026-05-19 07:41:49.892
138,20,"1",Puncak Rembangan Resort,2026-05-19 09:06:14.180
139,21,"4",Bin Cigar,2026-05-19 17:57:32.810
140,22,"3",Puslit Kopi & Kakao Indonesia,2026-05-19 18:05:15.219
141,22,"7",Gunung Gambir,2026-05-19 18:06:00.424
142,22,"12",Pantai Papuma,2026-05-19 18:06:28.813
143,22,"16",Taman Galaxy,2026-05-19 18:06:57.789
144,22,"20",Taman Botani Sukorambi,2026-05-19 18:07:38.060
145,22,"21",Pantai Payangan,2026-05-19 18:10:42.402
146,22,"28",Dira Park Balung,2026-05-19 18:11:00.527
147,22,"30",Rest Area Gumitir,2026-05-19 18:11:14.712
148,22,"31",Situs Duplang,2026-05-19 18:11:32.326
149,22,"40",Puncak Badean,2026-05-19 18:12:03.886
150,22,"43",Seger Nusantara,2026-05-19 18:12:20.428
151,22,"45",Skyland Paralayang,2026-05-19 18:12:36.975
152,22,"51",Museum Huruf,2026-05-19 18:13:02.115
153,22,"54",Kampoeng Creative JFC,2026-05-19 18:13:21.053
154,22,"56",Teluk Love,2026-05-19 18:13:37.870
155,23,"50",Desa Wisata Dukuh Dempok,2026-05-19 18:23:14.556
156,23,"56",Teluk Love,2026-05-19 18:23:40.859
157,23,"24",Air Terjun 7 Bidadari,2026-05-19 18:23:58.160
158,23,"19",Air Terjun Tancak Tulis,2026-05-19 18:24:12.746
159,23,"24",Air Terjun 7 Bidadari,2026-05-19 18:24:46.948
160,23,"18",Air Terjun Antrokan,2026-05-19 18:24:59.967
161,23,"12",Pantai Papuma,2026-05-19 18:25:09.601
162,24,"1",Puncak Rembangan Resort,2026-05-19 19:18:03.649
163,24,"29",Dira Park Kencong,2026-05-19 19:18:21.791
164,24,"52",Museum Tembakau,2026-05-19 19:18:28.438
165,24,"27",Dira Park Ambulu,2026-05-19 19:18:34.218
166,24,"37",Gumuk Watu,2026-05-19 19:18:38.048
167,24,"27",Dira Park Ambulu,2026-05-19 19:18:55.742
168,24,"1",Puncak Rembangan Resort,2026-05-19 19:19:00.832
169,24,"46",Kampung Wisata Tanoker Ledokombo,2026-05-19 19:19:23.604
170,25,"12",Pantai Papuma,2026-05-19 19:25:49.965
171,25,"10",Jember Mini Zoo,2026-05-19 19:26:11.904
172,25,"15",PPG Pinus Sidomulyo,2026-05-19 19:26:31.412
173,25,"53",Museum Boemi Poeger,2026-05-19 19:26:47.126
174,25,"23",Pantai Nanggelan,2026-05-19 19:26:50.814
175,25,"21",Pantai Payangan,2026-05-19 19:27:05.671
176,26,"1",Puncak Rembangan Resort,2026-05-19 21:54:31.773
177,26,"11",Rimba Camp,2026-05-19 21:54:51.741
178,26,"42",Lariszoo,2026-05-19 21:54:54.529
179,26,"16",Taman Galaxy,2026-05-19 21:54:56.538
180,26,"56",Teluk Love,2026-05-19 21:54:58.553
181,26,"13",Pemandian Patemon,2026-05-19 21:55:00.625
182,26,"55",Museum Juang Sroedji Sudut Kalisat,2026-05-19 21:55:05.705
183,26,"10",Jember Mini Zoo,2026-05-19 21:55:16.233
184,26,"1",Puncak Rembangan Resort,2026-05-19 21:55:22.163
185,26,"49",Desa Wisata Kemiri,2026-05-19 21:55:28.615
186,26,"11",Rimba Camp,2026-05-19 21:55:34.757
187,26,"49",Desa Wisata Kemiri,2026-05-19 21:55:38.994
188,27,"1",Puncak Rembangan Resort,2026-05-20 03:02:08.385
189,27,"2",Pantai Watu Ulo,2026-05-20 03:02:43.887
190,27,"21",Pantai Payangan,2026-05-20 03:02:49.360
191,27,"25",Pantai Paseban,2026-05-20 03:02:51.641
192,27,"45",Skyland Paralayang,2026-05-20 03:02:56.603
193,27,"23",Pantai Nanggelan,2026-05-20 03:02:59.531
194,28,"2",Pantai Watu Ulo,2026-05-20 03:07:57.911
195,28,"21",Pantai Payangan,2026-05-20 03:08:02.286
196,28,"54",Kampoeng Creative JFC,2026-05-20 03:08:07.365
197,28,"55",Museum Juang Sroedji Sudut Kalisat,2026-05-20 03:08:10.325
198,28,"10",Jember Mini Zoo,2026-05-20 03:08:12.733
199,29,"1",Puncak Rembangan Resort,2026-05-20 03:12:14.740
200,29,"7",Gunung Gambir,2026-05-20 03:13:09.266
201,29,"10",Jember Mini Zoo,2026-05-20 03:13:31.682
202,29,"12",Pantai Papuma,2026-05-20 03:13:47.684
203,29,"17",Air Terjun Tancak,2026-05-20 03:14:12.611
204,29,"20",Taman Botani Sukorambi,2026-05-20 03:14:29.948
205,29,"24",Air Terjun 7 Bidadari,2026-05-20 03:14:46.518
206,30,"7",Gunung Gambir,2026-05-20 05:42:50.921
207,30,"1",Puncak Rembangan Resort,2026-05-20 05:43:22.087
208,30,"29",Dira Park Kencong,2026-05-20 05:43:30.405
209,30,"52",Museum Tembakau,2026-05-20 05:43:34.826
210,30,"50",Desa Wisata Dukuh Dempok,2026-05-20 05:43:47.138
211,30,"49",Desa Wisata Kemiri,2026-05-20 05:43:55.390
212,30,"6",Desa Wisata Sidomulyo,2026-05-20 05:43:59.347
213,30,"6",Desa Wisata Sidomulyo,2026-05-20 05:44:10.112
214,32,"3",Puslit Kopi & Kakao Indonesia,2026-05-20 05:44:33.877
215,30,"6",Desa Wisata Sidomulyo,2026-05-20 05:44:52.581
216,30,"49",Desa Wisata Kemiri,2026-05-20 05:44:56.293
217,33,"2",Pantai Watu Ulo,2026-05-20 05:45:03.626
218,33,"25",Pantai Paseban,2026-05-20 05:45:08.760
219,34,"1",Puncak Rembangan Resort,2026-05-20 05:45:17.313
220,33,"12",Pantai Papuma,2026-05-20 05:45:18.667
221,33,"3",Puslit Kopi & Kakao Indonesia,2026-05-20 05:45:22.132
222,33,"54",Kampoeng Creative JFC,2026-05-20 05:45:28.050
223,34,"40",Puncak Badean,2026-05-20 05:45:45.829
224,34,"2",Pantai Watu Ulo,2026-05-20 05:45:53.868
225,34,"7",Gunung Gambir,2026-05-20 05:46:13.716
226,31,"1",Puncak Rembangan Resort,2026-05-20 05:46:13.915
227,34,"3",Puslit Kopi & Kakao Indonesia,2026-05-20 05:46:19.464
228,34,"10",Jember Mini Zoo,2026-05-20 05:46:24.481
229,36,"1",Puncak Rembangan Resort,2026-05-20 06:11:11.687
230,36,"40",Puncak Badean,2026-05-20 06:11:47.308
231,36,"49",Desa Wisata Kemiri,2026-05-20 06:12:02.071
232,36,"11",Rimba Camp,2026-05-20 06:12:11.352
233,36,"29",Dira Park Kencong,2026-05-20 06:12:44.753
234,36,"6",Desa Wisata Sidomulyo,2026-05-20 06:14:13.046
235,36,"47",Desa Adat Arjasa,2026-05-20 06:14:20.565
236,36,"3",Puslit Kopi & Kakao Indonesia,2026-05-20 06:14:56.133
237,36,"4",Bin Cigar,2026-05-20 06:15:07.983
238,36,"11",Rimba Camp,2026-05-20 06:15:16.207
239,36,"8",Pemandian Kebon Agung,2026-05-20 06:15:25.995
240,36,"9",Pantai Pancer,2026-05-20 06:15:34.513
241,38,"2",Pantai Watu Ulo,2026-05-20 06:18:30.026
242,38,"26",Pantai Bandealit,2026-05-20 06:19:32.489
243,38,"21",Pantai Payangan,2026-05-20 06:20:45.057
245,38,"2",Pantai Watu Ulo,2026-05-20 06:24:00.672
247,38,"56",Teluk Love,2026-05-20 06:28:53.392
248,39,"1",Puncak Rembangan Resort,2026-05-20 06:30:09.994
249,39,"40",Puncak Badean,2026-05-20 06:30:25.685
251,39,"43",Seger Nusantara,2026-05-20 06:30:36.739
253,39,"9",Pantai Pancer,2026-05-20 06:30:46.597
255,38,"7",Gunung Gambir,2026-05-20 06:30:52.686
257,39,"45",Skyland Paralayang,2026-05-20 06:31:01.909
259,39,"40",Puncak Badean,2026-05-20 06:31:15.099
244,38,"7",Gunung Gambir,2026-05-20 06:23:40.843
246,38,"25",Pantai Paseban,2026-05-20 06:28:42.783
250,39,"20",Taman Botani Sukorambi,2026-05-20 06:30:31.750
252,39,"38",Gading Sari,2026-05-20 06:30:41.940
254,39,"38",Gading Sari,2026-05-20 06:30:51.402
256,39,"9",Pantai Pancer,2026-05-20 06:30:56.771
258,39,"10",Jember Mini Zoo,2026-05-20 06:31:05.930
260,39,"50",Desa Wisata Dukuh Dempok,2026-05-20 06:31:20.212
261,40,"41",Citra Mandiri,2026-05-20 06:54:23.640
262,40,"2",Pantai Watu Ulo,2026-05-20 06:54:54.465
263,40,"9",Pantai Pancer,2026-05-20 06:54:59.033
264,40,"21",Pantai Payangan,2026-05-20 06:55:01.587
265,40,"7",Gunung Gambir,2026-05-20 06:55:04.252
266,40,"42",Lariszoo,2026-05-20 06:55:05.586
267,40,"55",Museum Juang Sroedji Sudut Kalisat,2026-05-20 06:55:08.363
268,40,"46",Kampung Wisata Tanoker Ledokombo,2026-05-20 06:55:11.562
269,40,"53",Museum Boemi Poeger,2026-05-20 06:55:13.556
270,40,"22",Tiara Waterpark,2026-05-20 06:55:16.616
271,40,"53",Museum Boemi Poeger,2026-05-20 06:55:18.113
272,40,"52",Museum Tembakau,2026-05-20 06:55:21.267
273,40,"53",Museum Boemi Poeger,2026-05-20 06:55:52.362
274,41,"2",Pantai Watu Ulo,2026-05-20 08:03:56.845
275,41,"9",Pantai Pancer,2026-05-20 08:04:21.839
276,41,"6",Desa Wisata Sidomulyo,2026-05-20 08:04:54.853
277,41,"8",Pemandian Kebon Agung,2026-05-20 08:05:16.207
278,41,"43",Seger Nusantara,2026-05-20 08:05:26.214
279,41,"8",Pemandian Kebon Agung,2026-05-20 08:05:34.970
280,41,"2",Pantai Watu Ulo,2026-05-20 08:05:36.358
281,42,"2",Pantai Watu Ulo,2026-05-20 08:06:43.646
282,42,"21",Pantai Payangan,2026-05-20 08:06:54.646
283,42,"25",Pantai Paseban,2026-05-20 08:07:04.105
284,42,"1",Puncak Rembangan Resort,2026-05-20 08:07:12.213
285,42,"11",Rimba Camp,2026-05-20 08:07:18.096
286,42,"8",Pemandian Kebon Agung,2026-05-20 08:07:30.548
287,42,"49",Desa Wisata Kemiri,2026-05-20 08:07:41.197
288,42,"12",Pantai Papuma,2026-05-20 08:08:01.352
289,42,"6",Desa Wisata Sidomulyo,2026-05-20 08:08:06.717
290,43,"1",Puncak Rembangan Resort,2026-05-20 08:08:06.880
291,42,"10",Jember Mini Zoo,2026-05-20 08:08:12.692
292,43,"10",Jember Mini Zoo,2026-05-20 08:09:54.546
293,43,"53",Museum Boemi Poeger,2026-05-20 08:11:28.368
294,43,"52",Museum Tembakau,2026-05-20 08:12:05.727
295,43,"50",Desa Wisata Dukuh Dempok,2026-05-20 08:12:15.632
296,43,"52",Museum Tembakau,2026-05-20 08:12:40.080
297,43,"53",Museum Boemi Poeger,2026-05-20 08:12:40.862
298,43,"51",Museum Huruf,2026-05-20 08:12:46.966
299,43,"54",Kampoeng Creative JFC,2026-05-20 08:13:03.275
300,43,"51",Museum Huruf,2026-05-20 08:13:18.283
301,43,"10",Jember Mini Zoo,2026-05-20 08:13:20.862
302,44,"2",Pantai Watu Ulo,2026-05-20 08:13:47.610
303,44,"21",Pantai Payangan,2026-05-20 08:15:32.607
304,44,"12",Pantai Papuma,2026-05-20 08:15:41.051
305,44,"26",Pantai Bandealit,2026-05-20 08:15:48.449
306,44,"25",Pantai Paseban,2026-05-20 08:15:55.524
307,45,"14",Air Terjun Kebun Rayap,2026-05-20 08:22:12.734
308,45,"1",Puncak Rembangan Resort,2026-05-20 08:22:54.154
309,45,"2",Pantai Watu Ulo,2026-05-20 08:23:51.327
310,45,"43",Seger Nusantara,2026-05-20 08:25:03.467
311,45,"25",Pantai Paseban,2026-05-20 08:26:26.930
312,45,"12",Pantai Papuma,2026-05-20 08:26:44.937
313,45,"3",Puslit Kopi & Kakao Indonesia,2026-05-20 08:26:53.323
314,45,"12",Pantai Papuma,2026-05-20 08:27:16.845
315,45,"14",Air Terjun Kebun Rayap,2026-05-20 08:27:45.261
316,46,"1",Puncak Rembangan Resort,2026-05-20 08:28:22.667
317,46,"2",Pantai Watu Ulo,2026-05-20 08:28:53.622
318,46,"1",Puncak Rembangan Resort,2026-05-20 08:28:54.020
319,46,"40",Puncak Badean,2026-05-20 08:29:00.943
320,46,"20",Taman Botani Sukorambi,2026-05-20 08:29:08.443
321,46,"3",Puslit Kopi & Kakao Indonesia,2026-05-20 08:29:12.527
322,46,"7",Gunung Gambir,2026-05-20 08:29:17.581
323,47,"12",Pantai Papuma,2026-05-20 09:06:43.485
324,47,"23",Pantai Nanggelan,2026-05-20 09:07:04.515
325,47,"21",Pantai Payangan,2026-05-20 09:07:29.673
326,47,"54",Kampoeng Creative JFC,2026-05-20 09:07:32.812
327,47,"46",Kampung Wisata Tanoker Ledokombo,2026-05-20 09:07:39.901
328,47,"54",Kampoeng Creative JFC,2026-05-20 09:07:51.406
329,48,"2",Pantai Watu Ulo,2026-05-20 09:32:42.138
330,48,"12",Pantai Papuma,2026-05-20 09:33:28.091
331,48,"26",Pantai Bandealit,2026-05-20 09:33:55.734
332,48,"21",Pantai Payangan,2026-05-20 09:34:00.828
333,48,"25",Pantai Paseban,2026-05-20 09:34:07.264
334,48,"9",Pantai Pancer,2026-05-20 09:34:12.485
335,49,"2",Pantai Watu Ulo,2026-05-20 16:01:58.002
336,51,"2",Pantai Watu Ulo,2026-05-21 08:32:32.631
337,51,"23",Pantai Nanggelan,2026-05-21 08:32:52.928
338,51,"17",Air Terjun Tancak,2026-05-21 08:33:15.525
339,51,"45",Skyland Paralayang,2026-05-21 08:34:00.175
340,51,"51",Museum Huruf,2026-05-21 08:34:14.146
341,52,"2",Pantai Watu Ulo,2026-05-21 09:49:20.252
342,52,"12",Pantai Papuma,2026-05-21 09:49:33.601
343,52,"7",Gunung Gambir,2026-05-21 09:49:55.522
344,52,"10",Jember Mini Zoo,2026-05-21 09:50:04.202
345,52,"12",Pantai Papuma,2026-05-21 09:50:10.987
346,52,"17",Air Terjun Tancak,2026-05-21 09:50:24.685
347,53,"1",Puncak Rembangan Resort,2026-05-21 09:52:06.599
348,53,"2",Pantai Watu Ulo,2026-05-21 09:52:27.068
349,53,"4",Bin Cigar,2026-05-21 09:52:37.729
350,54,"12",Pantai Papuma,2026-05-21 10:13:25.209
351,54,"16",Taman Galaxy,2026-05-21 10:14:34.463
352,54,"17",Air Terjun Tancak,2026-05-21 10:14:51.304
353,54,"23",Pantai Nanggelan,2026-05-21 10:15:18.992
354,54,"30",Rest Area Gumitir,2026-05-21 10:15:47.559
355,54,"43",Seger Nusantara,2026-05-21 10:16:46.275
356,55,"2",Pantai Watu Ulo,2026-05-21 13:46:15.679
357,55,"45",Skyland Paralayang,2026-05-21 13:46:46.628
358,55,"46",Kampung Wisata Tanoker Ledokombo,2026-05-21 13:46:55.845
359,55,"3",Puslit Kopi & Kakao Indonesia,2026-05-21 13:47:26.888
360,55,"7",Gunung Gambir,2026-05-21 13:47:32.331
361,55,"2",Pantai Watu Ulo,2026-05-21 13:47:39.591
362,56,"12",Pantai Papuma,2026-05-21 15:29:02.471
363,56,"26",Pantai Bandealit,2026-05-21 15:29:09.176
364,57,"1",Puncak Rembangan Resort,2026-05-21 15:29:42.435
365,57,"2",Pantai Watu Ulo,2026-05-21 15:30:00.427
366,56,"25",Pantai Paseban,2026-05-21 15:30:05.561
367,56,"13",Pemandian Patemon,2026-05-21 15:30:17.125
368,56,"43",Seger Nusantara,2026-05-21 15:30:22.342
369,57,"6",Desa Wisata Sidomulyo,2026-05-21 15:30:24.977
370,56,"20",Taman Botani Sukorambi,2026-05-21 15:30:29.286
371,56,"46",Kampung Wisata Tanoker Ledokombo,2026-05-21 15:30:33.727
373,56,"43",Seger Nusantara,2026-05-21 15:30:36.949
378,58,"9",Pantai Pancer,2026-05-21 22:59:50.043
379,58,"25",Pantai Paseban,2026-05-21 23:00:03.890
381,58,"21",Pantai Payangan,2026-05-21 23:00:27.542
382,59,"2",Pantai Watu Ulo,2026-05-21 23:00:39.572
383,58,"9",Pantai Pancer,2026-05-21 23:00:46.896
385,59,"23",Pantai Nanggelan,2026-05-21 23:00:54.265
386,60,"1",Puncak Rembangan Resort,2026-05-22 00:45:07.617
387,60,"1",Puncak Rembangan Resort,2026-05-22 00:45:52.817
388,60,"2",Pantai Watu Ulo,2026-05-22 00:46:28.248
389,60,"12",Pantai Papuma,2026-05-22 00:47:00.578
390,60,"17",Air Terjun Tancak,2026-05-22 00:47:28.460
391,60,"56",Teluk Love,2026-05-22 00:49:06.359
392,60,"2",Pantai Watu Ulo,2026-05-22 00:49:27.501
393,60,"1",Puncak Rembangan Resort,2026-05-22 00:49:29.085
396,61,"3",Puslit Kopi & Kakao Indonesia,2026-05-22 01:18:01.819
400,62,"29",Dira Park Kencong,2026-05-22 02:30:03.940
404,62,"10",Jember Mini Zoo,2026-05-22 02:30:40.466
411,64,"47",Desa Adat Arjasa,2026-05-22 05:14:46.016
412,64,"50",Desa Wisata Dukuh Dempok,2026-05-22 05:14:54.035
415,64,"37",Gumuk Watu,2026-05-22 05:15:09.699
417,64,"50",Desa Wisata Dukuh Dempok,2026-05-22 05:15:12.863
419,64,"46",Kampung Wisata Tanoker Ledokombo,2026-05-22 05:15:14.377
421,64,"49",Desa Wisata Kemiri,2026-05-22 05:15:20.053
372,56,"20",Taman Botani Sukorambi,2026-05-21 15:30:36.198
374,56,"13",Pemandian Patemon,2026-05-21 15:30:38.025
375,57,"15",PPG Pinus Sidomulyo,2026-05-21 15:30:47.737
376,57,"14",Air Terjun Kebun Rayap,2026-05-21 15:30:58.387
377,1,"23",Pantai Nanggelan,2026-05-21 19:05:49.386
380,58,"9",Pantai Pancer,2026-05-21 23:00:23.440
384,58,"12",Pantai Papuma,2026-05-21 23:00:52.101
394,60,"1",Puncak Rembangan Resort,2026-05-22 00:49:31.399
395,61,"17",Air Terjun Tancak,2026-05-22 01:17:17.491
397,61,"7",Gunung Gambir,2026-05-22 01:18:06.383
398,61,"48",Desa Budaya Klungkung,2026-05-22 01:18:08.495
399,62,"1",Puncak Rembangan Resort,2026-05-22 02:29:22.353
401,62,"11",Rimba Camp,2026-05-22 02:30:12.586
402,62,"29",Dira Park Kencong,2026-05-22 02:30:14.544
403,62,"1",Puncak Rembangan Resort,2026-05-22 02:30:22.454
405,62,"2",Pantai Watu Ulo,2026-05-22 02:30:46.361
406,62,"20",Taman Botani Sukorambi,2026-05-22 02:31:13.333
407,63,"2",Pantai Watu Ulo,2026-05-22 05:14:16.353
408,64,"1",Puncak Rembangan Resort,2026-05-22 05:14:29.386
409,64,"46",Kampung Wisata Tanoker Ledokombo,2026-05-22 05:14:32.437
410,63,"12",Pantai Papuma,2026-05-22 05:14:45.108
413,64,"53",Museum Boemi Poeger,2026-05-22 05:15:01.554
414,63,"23",Pantai Nanggelan,2026-05-22 05:15:07.103
416,64,"53",Museum Boemi Poeger,2026-05-22 05:15:12.327
418,64,"47",Desa Adat Arjasa,2026-05-22 05:15:13.934
420,64,"1",Puncak Rembangan Resort,2026-05-22 05:15:14.927
422,63,"21",Pantai Payangan,2026-05-22 05:15:23.291
423,63,"15",PPG Pinus Sidomulyo,2026-05-22 05:15:45.558
424,65,"1",Puncak Rembangan Resort,2026-05-23 17:36:24.420
425,65,"27",Dira Park Ambulu,2026-05-23 17:36:30.136
426,65,"11",Rimba Camp,2026-05-23 17:36:34.929
427,65,"29",Dira Park Kencong,2026-05-23 17:36:40.473
428,65,"52",Museum Tembakau,2026-05-23 17:36:45.766
429,65,"42",Lariszoo,2026-05-23 17:37:10.825
430,65,"49",Desa Wisata Kemiri,2026-05-23 17:37:17.517
431,65,"42",Lariszoo,2026-05-23 17:37:22.051
432,65,"52",Museum Tembakau,2026-05-23 17:37:22.527
433,65,"29",Dira Park Kencong,2026-05-23 17:37:23.032
434,65,"11",Rimba Camp,2026-05-23 17:37:24.792
435,65,"27",Dira Park Ambulu,2026-05-23 17:37:25.755
436,65,"1",Puncak Rembangan Resort,2026-05-23 17:37:26.371
437,65,"5",Makam Habib Soleh Tanggul,2026-05-23 17:37:38.540
438,65,"56",Teluk Love,2026-05-23 17:37:43.544
439,65,"16",Taman Galaxy,2026-05-23 17:37:57.605
440,65,"56",Teluk Love,2026-05-23 17:38:19.233
441,65,"5",Makam Habib Soleh Tanggul,2026-05-23 17:38:19.833
442,66,"12",Pantai Papuma,2026-05-23 17:39:49.335
443,66,"25",Pantai Paseban,2026-05-23 17:40:12.032
444,66,"8",Pemandian Kebon Agung,2026-05-23 17:40:19.780
445,66,"14",Air Terjun Kebun Rayap,2026-05-23 17:40:23.890
446,66,"17",Air Terjun Tancak,2026-05-23 17:40:27.945
447,66,"23",Pantai Nanggelan,2026-05-23 17:40:31.813
448,66,"6",Desa Wisata Sidomulyo,2026-05-23 17:40:37.647
449,66,"38",Gading Sari,2026-05-23 17:42:49.413
450,66,"9",Pantai Pancer,2026-05-23 17:42:53.066
451,66,"12",Pantai Papuma,2026-05-23 17:42:54.491
452,66,"9",Pantai Pancer,2026-05-23 17:42:55.789
453,66,"12",Pantai Papuma,2026-05-23 17:42:57.038
454,66,"2",Pantai Watu Ulo,2026-05-23 17:42:58.205
455,66,"12",Pantai Papuma,2026-05-23 17:42:59.530
456,66,"23",Pantai Nanggelan,2026-05-23 17:43:00.849
457,66,"2",Pantai Watu Ulo,2026-05-23 17:43:02.114
458,66,"56",Teluk Love,2026-05-23 17:43:03.445
459,67,"2",Pantai Watu Ulo,2026-05-24 10:43:34.154
460,67,"56",Teluk Love,2026-05-24 10:43:48.340
461,67,"12",Pantai Papuma,2026-05-24 10:44:08.368
462,67,"1",Puncak Rembangan Resort,2026-05-24 10:44:20.578
463,67,"22",Tiara Waterpark,2026-05-24 10:44:26.029
464,67,"10",Jember Mini Zoo,2026-05-24 10:44:40.788
465,67,"16",Taman Galaxy,2026-05-24 10:45:21.920
466,67,"52",Museum Tembakau,2026-05-24 10:45:31.554
467,68,"2",Pantai Watu Ulo,2026-05-24 15:47:33.546
468,68,"56",Teluk Love,2026-05-24 15:47:46.240
469,68,"26",Pantai Bandealit,2026-05-24 15:48:01.704
470,68,"9",Pantai Pancer,2026-05-24 15:48:07.059
471,68,"23",Pantai Nanggelan,2026-05-24 15:48:11.425
472,68,"25",Pantai Paseban,2026-05-24 15:48:15.608
473,68,"21",Pantai Payangan,2026-05-24 15:48:19.955
474,69,"2",Pantai Watu Ulo,2026-05-24 16:48:07.549
475,69,"4",Bin Cigar,2026-05-24 16:48:15.078
476,69,"28",Dira Park Balung,2026-05-24 16:48:25.588
477,69,"27",Dira Park Ambulu,2026-05-24 16:48:34.443
478,69,"22",Tiara Waterpark,2026-05-24 16:48:37.314
479,69,"45",Skyland Paralayang,2026-05-24 16:48:40.282
480,70,"1",Puncak Rembangan Resort,2026-05-25 02:24:19.157
481,70,"29",Dira Park Kencong,2026-05-25 02:24:27.639
482,70,"11",Rimba Camp,2026-05-25 02:24:31.798
483,70,"29",Dira Park Kencong,2026-05-25 02:24:40.783
484,70,"1",Puncak Rembangan Resort,2026-05-25 02:24:42.359
485,70,"50",Desa Wisata Dukuh Dempok,2026-05-25 02:24:45.655
486,70,"1",Puncak Rembangan Resort,2026-05-25 02:24:53.981
487,71,"2",Pantai Watu Ulo,2026-05-25 02:25:13.462
488,70,"10",Jember Mini Zoo,2026-05-25 02:25:18.015
489,71,"56",Teluk Love,2026-05-25 02:25:21.068
490,71,"2",Pantai Watu Ulo,2026-05-25 02:25:24.963
491,71,"12",Pantai Papuma,2026-05-25 02:25:36.657
492,70,"19",Air Terjun Tancak Tulis,2026-05-25 02:25:37.195
493,70,"2",Pantai Watu Ulo,2026-05-25 02:25:39.053
494,71,"2",Pantai Watu Ulo,2026-05-25 02:25:40.085
495,71,"9",Pantai Pancer,2026-05-25 02:25:55.054
496,71,"2",Pantai Watu Ulo,2026-05-25 02:25:59.644
497,71,"9",Pantai Pancer,2026-05-25 02:26:03.100
498,71,"23",Pantai Nanggelan,2026-05-25 02:26:12.708
499,71,"9",Pantai Pancer,2026-05-25 02:26:17.733
500,71,"21",Pantai Payangan,2026-05-25 02:26:24.630
501,71,"19",Air Terjun Tancak Tulis,2026-05-25 02:26:32.717
502,72,"1",Puncak Rembangan Resort,2026-05-25 02:52:14.485
503,72,"40",Puncak Badean,2026-05-25 02:52:27.557
504,72,"2",Pantai Watu Ulo,2026-05-25 02:53:04.617
505,72,"23",Pantai Nanggelan,2026-05-25 02:53:14.614
506,72,"2",Pantai Watu Ulo,2026-05-25 02:53:15.841
507,72,"12",Pantai Papuma,2026-05-25 02:53:23.457
508,72,"25",Pantai Paseban,2026-05-25 02:54:21.266
509,72,"45",Skyland Paralayang,2026-05-25 02:54:35.345
510,72,"46",Kampung Wisata Tanoker Ledokombo,2026-05-25 02:55:26.742
511,72,"1",Puncak Rembangan Resort,2026-05-25 02:55:33.833
512,73,"12",Pantai Papuma,2026-05-25 03:28:03.278
513,73,"12",Pantai Papuma,2026-05-25 03:31:08.511
514,74,"2",Pantai Watu Ulo,2026-05-25 03:38:03.941
515,74,"56",Teluk Love,2026-05-25 03:38:47.699
516,74,"16",Taman Galaxy,2026-05-25 03:39:05.247
517,74,"20",Taman Botani Sukorambi,2026-05-25 03:39:17.316
518,74,"12",Pantai Papuma,2026-05-25 03:39:37.679
519,74,"1",Puncak Rembangan Resort,2026-05-25 03:42:14.631
520,75,"2",Pantai Watu Ulo,2026-05-25 07:10:49.950
521,75,"1",Puncak Rembangan Resort,2026-05-25 07:11:07.634
522,76,"9",Pantai Pancer,2026-05-25 07:11:20.529
523,76,"25",Pantai Paseban,2026-05-25 07:11:27.860
524,76,"9",Pantai Pancer,2026-05-25 07:11:29.752
525,76,"12",Pantai Papuma,2026-05-25 07:12:12.010
526,75,"2",Pantai Watu Ulo,2026-05-25 07:12:12.785
527,76,"45",Skyland Paralayang,2026-05-25 07:12:21.721
528,76,"10",Jember Mini Zoo,2026-05-25 07:12:30.864
529,76,"45",Skyland Paralayang,2026-05-25 07:12:34.325
530,76,"45",Skyland Paralayang,2026-05-25 07:12:48.541
531,75,"23",Pantai Nanggelan,2026-05-25 07:13:19.539
532,75,"2",Pantai Watu Ulo,2026-05-25 07:13:52.706
533,75,"2",Pantai Watu Ulo,2026-05-25 07:15:54.761
534,75,"23",Pantai Nanggelan,2026-05-25 07:16:16.755
535,75,"12",Pantai Papuma,2026-05-25 07:16:38.894
536,75,"1",Puncak Rembangan Resort,2026-05-25 07:18:43.913
537,77,"16",Taman Galaxy,2026-05-25 09:44:34.114
538,77,"5",Makam Habib Soleh Tanggul,2026-05-25 09:44:46.157
539,77,"56",Teluk Love,2026-05-25 09:45:05.061
540,77,"51",Museum Huruf,2026-05-25 09:45:15.532
541,77,"53",Museum Boemi Poeger,2026-05-25 09:45:18.305
542,77,"45",Skyland Paralayang,2026-05-25 09:45:24.799
543,77,"55",Museum Juang Sroedji Sudut Kalisat,2026-05-25 09:45:32.892
544,78,"1",Puncak Rembangan Resort,2026-05-26 14:51:33.708
545,78,"1",Puncak Rembangan Resort,2026-05-26 14:52:15.809
546,78,"11",Rimba Camp,2026-05-26 14:52:26.784
547,78,"29",Dira Park Kencong,2026-05-26 14:52:30.337
548,78,"42",Lariszoo,2026-05-26 14:52:34.196
549,78,"10",Jember Mini Zoo,2026-05-26 14:52:37.438
550,78,"16",Taman Galaxy,2026-05-26 14:52:41.158
551,78,"8",Pemandian Kebon Agung,2026-05-26 14:52:45.456
552,78,"48",Desa Budaya Klungkung,2026-05-26 14:52:51.769
553,78,"53",Museum Boemi Poeger,2026-05-26 14:52:57.730
554,79,"1",Puncak Rembangan Resort,2026-05-26 14:53:00.941
555,78,"52",Museum Tembakau,2026-05-26 14:53:04.377
556,78,"54",Kampoeng Creative JFC,2026-05-26 14:53:08.095
557,79,"50",Desa Wisata Dukuh Dempok,2026-05-26 14:53:13.415
558,79,"11",Rimba Camp,2026-05-26 14:53:22.060
559,79,"42",Lariszoo,2026-05-26 14:53:26.873
560,79,"20",Taman Botani Sukorambi,2026-05-26 14:53:33.463
561,79,"48",Desa Budaya Klungkung,2026-05-26 14:53:44.898
562,79,"5",Makam Habib Soleh Tanggul,2026-05-26 14:54:11.207
563,79,"7",Gunung Gambir,2026-05-26 14:54:21.201
564,79,"20",Taman Botani Sukorambi,2026-05-26 14:54:31.815
565,79,"42",Lariszoo,2026-05-26 14:54:52.976
566,79,"11",Rimba Camp,2026-05-26 14:54:53.752
567,79,"50",Desa Wisata Dukuh Dempok,2026-05-26 14:54:54.392
568,79,"1",Puncak Rembangan Resort,2026-05-26 14:54:55.101
569,79,"46",Kampung Wisata Tanoker Ledokombo,2026-05-26 14:54:59.270
570,79,"6",Desa Wisata Sidomulyo,2026-05-26 14:55:11.522
571,79,"55",Museum Juang Sroedji Sudut Kalisat,2026-05-26 14:55:24.501
572,79,"52",Museum Tembakau,2026-05-26 14:55:29.851
573,79,"16",Taman Galaxy,2026-05-26 14:55:32.764
574,79,"20",Taman Botani Sukorambi,2026-05-26 14:55:37.530
575,80,"3",Puslit Kopi & Kakao Indonesia,2026-05-26 15:07:28.735
576,80,"46",Kampung Wisata Tanoker Ledokombo,2026-05-26 15:07:31.627
577,80,"53",Museum Boemi Poeger,2026-05-26 15:07:34.234
578,80,"10",Jember Mini Zoo,2026-05-26 15:07:36.677
579,80,"45",Skyland Paralayang,2026-05-26 15:07:40.730
580,80,"1",Puncak Rembangan Resort,2026-05-26 15:07:43.450
581,81,"23",Pantai Nanggelan,2026-05-28 12:48:27.307
582,81,"45",Skyland Paralayang,2026-05-28 12:48:31.087
583,81,"1",Puncak Rembangan Resort,2026-05-28 12:48:33.472
584,81,"50",Desa Wisata Dukuh Dempok,2026-05-28 12:48:34.963
585,81,"49",Desa Wisata Kemiri,2026-05-28 12:48:36.886
586,81,"47",Desa Adat Arjasa,2026-05-28 12:48:38.564
587,81,"48",Desa Budaya Klungkung,2026-05-28 12:48:39.891
588,82,"10",Jember Mini Zoo,2026-05-28 12:49:12.874
589,82,"29",Dira Park Kencong,2026-05-28 12:49:15.582
590,82,"27",Dira Park Ambulu,2026-05-28 12:49:18.167
591,82,"1",Puncak Rembangan Resort,2026-05-28 12:49:20.012
592,82,"11",Rimba Camp,2026-05-28 12:49:21.853
593,82,"28",Dira Park Balung,2026-05-28 12:49:23.425
594,83,"4",Bin Cigar,2026-05-28 12:49:56.167
595,83,"33",Situs Calok,2026-05-28 12:49:57.538
596,83,"35",Candi Deres,2026-05-28 12:49:58.783
597,83,"5",Makam Habib Soleh Tanggul,2026-05-28 12:50:00.743
598,83,"53",Museum Boemi Poeger,2026-05-28 12:50:02.314
599,83,"54",Kampoeng Creative JFC,2026-05-28 12:50:03.474
600,83,"7",Gunung Gambir,2026-05-28 12:50:06.026
601,83,"15",PPG Pinus Sidomulyo,2026-05-28 12:50:07.088
602,84,"38",Gading Sari,2026-05-28 12:50:57.154
603,84,"2",Pantai Watu Ulo,2026-05-28 12:51:01.628
604,84,"19",Air Terjun Tancak Tulis,2026-05-28 12:51:03.322
605,84,"12",Pantai Papuma,2026-05-28 12:51:04.601
606,84,"21",Pantai Payangan,2026-05-28 12:51:05.720
607,84,"54",Kampoeng Creative JFC,2026-05-28 12:51:06.743
608,84,"7",Gunung Gambir,2026-05-28 12:51:07.777
609,84,"12",Pantai Papuma,2026-05-28 12:51:09.435
610,84,"4",Bin Cigar,2026-05-28 12:51:13.651
611,84,"33",Situs Calok,2026-05-28 12:51:14.497
612,84,"18",Air Terjun Antrokan,2026-05-28 12:51:16.762
613,84,"17",Air Terjun Tancak,2026-05-28 12:51:17.566
614,84,"18",Air Terjun Antrokan,2026-05-28 12:51:18.669
615,85,"15",PPG Pinus Sidomulyo,2026-05-28 12:51:43.860
616,85,"3",Puslit Kopi & Kakao Indonesia,2026-05-28 12:51:45.642
617,85,"54",Kampoeng Creative JFC,2026-05-28 12:51:46.917
618,85,"7",Gunung Gambir,2026-05-28 12:51:48.014
619,85,"38",Gading Sari,2026-05-28 12:51:49.310
620,85,"45",Skyland Paralayang,2026-05-28 12:51:51.177
621,85,"23",Pantai Nanggelan,2026-05-28 12:51:52.473
622,86,"13",Pemandian Patemon,2026-05-28 12:52:42.161
623,86,"8",Pemandian Kebon Agung,2026-05-28 12:52:43.423
624,86,"43",Seger Nusantara,2026-05-28 12:52:44.623
625,86,"38",Gading Sari,2026-05-28 12:52:45.519
626,86,"9",Pantai Pancer,2026-05-28 12:52:46.561
627,86,"23",Pantai Nanggelan,2026-05-28 12:52:47.660
628,86,"45",Skyland Paralayang,2026-05-28 12:52:48.844
629,87,"51",Museum Huruf,2026-05-28 12:53:12.384
630,87,"55",Museum Juang Sroedji Sudut Kalisat,2026-05-28 12:53:13.943
631,87,"42",Lariszoo,2026-05-28 12:53:15.087
632,87,"20",Taman Botani Sukorambi,2026-05-28 12:53:16.244
635,87,"37",Gumuk Watu,2026-05-28 12:53:19.243
633,87,"54",Kampoeng Creative JFC,2026-05-28 12:53:17.344
636,87,"7",Gunung Gambir,2026-05-28 12:53:20.119
639,88,"21",Pantai Payangan,2026-05-28 12:53:46.453
642,88,"9",Pantai Pancer,2026-05-28 12:53:49.977
645,88,"1",Puncak Rembangan Resort,2026-05-28 12:53:54.022
647,89,"46",Kampung Wisata Tanoker Ledokombo,2026-05-28 12:54:21.216
650,89,"40",Puncak Badean,2026-05-28 12:54:26.370
655,90,"11",Rimba Camp,2026-05-28 12:55:06.352
658,90,"40",Puncak Badean,2026-05-28 12:55:08.765
661,90,"43",Seger Nusantara,2026-05-28 12:55:11.586
664,91,"6",Desa Wisata Sidomulyo,2026-05-28 12:55:36.636
667,91,"27",Dira Park Ambulu,2026-05-28 12:55:39.622
672,92,"1",Puncak Rembangan Resort,2026-05-28 12:56:16.915
675,92,"6",Desa Wisata Sidomulyo,2026-05-28 12:56:19.936
677,93,"3",Puslit Kopi & Kakao Indonesia,2026-05-28 12:56:56.812
680,93,"53",Museum Boemi Poeger,2026-05-28 12:56:59.375
683,93,"50",Desa Wisata Dukuh Dempok,2026-05-28 12:57:04.872
685,94,"46",Kampung Wisata Tanoker Ledokombo,2026-05-28 12:57:41.064
688,94,"10",Jember Mini Zoo,2026-05-28 12:57:43.700
691,94,"40",Puncak Badean,2026-05-28 12:57:46.530
695,95,"26",Pantai Bandealit,2026-05-28 12:58:11.865
698,95,"46",Kampung Wisata Tanoker Ledokombo,2026-05-28 12:58:14.165
701,95,"53",Museum Boemi Poeger,2026-05-28 12:58:16.908
704,96,"42",Lariszoo,2026-05-28 12:59:13.797
707,96,"10",Jember Mini Zoo,2026-05-28 12:59:16.798
709,97,"3",Puslit Kopi & Kakao Indonesia,2026-05-28 12:59:47.699
712,97,"42",Lariszoo,2026-05-28 12:59:51.221
715,97,"53",Museum Boemi Poeger,2026-05-28 12:59:53.734
718,97,"52",Museum Tembakau,2026-05-28 12:59:56.862
721,98,"42",Lariszoo,2026-05-28 13:00:41.559
724,98,"49",Desa Wisata Kemiri,2026-05-28 13:00:44.630
727,99,"20",Taman Botani Sukorambi,2026-05-28 13:01:18.390
730,99,"1",Puncak Rembangan Resort,2026-05-28 13:01:21.931
733,99,"42",Lariszoo,2026-05-28 13:01:25.211
736,99,"43",Seger Nusantara,2026-05-28 13:01:27.692
739,99,"49",Desa Wisata Kemiri,2026-05-28 13:01:30.111
742,99,"27",Dira Park Ambulu,2026-05-28 13:01:32.812
634,87,"53",Museum Boemi Poeger,2026-05-28 12:53:18.315
637,87,"38",Gading Sari,2026-05-28 12:53:21.067
640,88,"23",Pantai Nanggelan,2026-05-28 12:53:47.860
643,88,"26",Pantai Bandealit,2026-05-28 12:53:51.221
648,89,"49",Desa Wisata Kemiri,2026-05-28 12:54:23.115
651,89,"42",Lariszoo,2026-05-28 12:54:28.599
653,90,"11",Rimba Camp,2026-05-28 12:55:04.234
656,90,"22",Tiara Waterpark,2026-05-28 12:55:07.099
659,90,"8",Pemandian Kebon Agung,2026-05-28 12:55:09.743
662,91,"1",Puncak Rembangan Resort,2026-05-28 12:55:34.135
665,91,"11",Rimba Camp,2026-05-28 12:55:37.843
668,91,"37",Gumuk Watu,2026-05-28 12:55:40.536
670,92,"10",Jember Mini Zoo,2026-05-28 12:56:15.212
673,92,"11",Rimba Camp,2026-05-28 12:56:18.098
676,92,"52",Museum Tembakau,2026-05-28 12:56:21.782
678,93,"54",Kampoeng Creative JFC,2026-05-28 12:56:57.671
681,93,"55",Museum Juang Sroedji Sudut Kalisat,2026-05-28 12:57:00.471
686,94,"6",Desa Wisata Sidomulyo,2026-05-28 12:57:41.908
689,94,"27",Dira Park Ambulu,2026-05-28 12:57:44.539
692,94,"1",Puncak Rembangan Resort,2026-05-28 12:57:47.441
696,95,"9",Pantai Pancer,2026-05-28 12:58:12.701
699,95,"50",Desa Wisata Dukuh Dempok,2026-05-28 12:58:15.028
702,96,"6",Desa Wisata Sidomulyo,2026-05-28 12:59:11.555
705,96,"46",Kampung Wisata Tanoker Ledokombo,2026-05-28 12:59:14.627
708,97,"3",Puslit Kopi & Kakao Indonesia,2026-05-28 12:59:40.341
710,97,"46",Kampung Wisata Tanoker Ledokombo,2026-05-28 12:59:49.483
713,97,"55",Museum Juang Sroedji Sudut Kalisat,2026-05-28 12:59:52.013
716,97,"55",Museum Juang Sroedji Sudut Kalisat,2026-05-28 12:59:54.536
719,98,"3",Puslit Kopi & Kakao Indonesia,2026-05-28 13:00:32.511
722,98,"40",Puncak Badean,2026-05-28 13:00:42.482
725,98,"47",Desa Adat Arjasa,2026-05-28 13:00:45.398
728,99,"55",Museum Juang Sroedji Sudut Kalisat,2026-05-28 13:01:19.203
731,99,"11",Rimba Camp,2026-05-28 13:01:22.694
734,99,"16",Taman Galaxy,2026-05-28 13:01:26.052
737,99,"49",Desa Wisata Kemiri,2026-05-28 13:01:28.467
740,99,"53",Museum Boemi Poeger,2026-05-28 13:01:30.984
743,99,"28",Dira Park Balung,2026-05-28 13:01:33.646
638,87,"25",Pantai Paseban,2026-05-28 12:53:22.200
641,88,"38",Gading Sari,2026-05-28 12:53:48.787
644,88,"56",Teluk Love,2026-05-28 12:53:52.239
646,89,"20",Taman Botani Sukorambi,2026-05-28 12:54:20.004
649,89,"42",Lariszoo,2026-05-28 12:54:24.345
652,89,"55",Museum Juang Sroedji Sudut Kalisat,2026-05-28 12:54:29.992
654,90,"22",Tiara Waterpark,2026-05-28 12:55:05.381
657,90,"42",Lariszoo,2026-05-28 12:55:07.938
660,90,"13",Pemandian Patemon,2026-05-28 12:55:10.756
663,91,"50",Desa Wisata Dukuh Dempok,2026-05-28 12:55:35.621
666,91,"22",Tiara Waterpark,2026-05-28 12:55:38.708
669,91,"55",Museum Juang Sroedji Sudut Kalisat,2026-05-28 12:55:41.950
671,92,"40",Puncak Badean,2026-05-28 12:56:16.083
674,92,"49",Desa Wisata Kemiri,2026-05-28 12:56:18.963
679,93,"52",Museum Tembakau,2026-05-28 12:56:58.617
682,93,"52",Museum Tembakau,2026-05-28 12:57:02.075
684,94,"11",Rimba Camp,2026-05-28 12:57:40.017
687,94,"53",Museum Boemi Poeger,2026-05-28 12:57:42.931
690,94,"29",Dira Park Kencong,2026-05-28 12:57:45.354
693,94,"50",Desa Wisata Dukuh Dempok,2026-05-28 12:57:48.361
694,95,"9",Pantai Pancer,2026-05-28 12:58:10.789
697,95,"45",Skyland Paralayang,2026-05-28 12:58:13.440
700,95,"48",Desa Budaya Klungkung,2026-05-28 12:58:15.923
703,96,"53",Museum Boemi Poeger,2026-05-28 12:59:12.406
706,96,"53",Museum Boemi Poeger,2026-05-28 12:59:15.392
711,97,"53",Museum Boemi Poeger,2026-05-28 12:59:50.394
714,97,"49",Desa Wisata Kemiri,2026-05-28 12:59:52.930
717,97,"50",Desa Wisata Dukuh Dempok,2026-05-28 12:59:55.776
720,98,"49",Desa Wisata Kemiri,2026-05-28 13:00:40.623
723,98,"50",Desa Wisata Dukuh Dempok,2026-05-28 13:00:43.850
726,99,"5",Makam Habib Soleh Tanggul,2026-05-28 13:01:15.852
729,99,"42",Lariszoo,2026-05-28 13:01:20.047
732,99,"29",Dira Park Kencong,2026-05-28 13:01:24.304
735,99,"37",Gumuk Watu,2026-05-28 13:01:26.899
738,99,"11",Rimba Camp,2026-05-28 13:01:29.314
741,99,"22",Tiara Waterpark,2026-05-28 13:01:32.041
744,99,"53",Museum Boemi Poeger,2026-05-28 13:01:34.654
745,100,"3",Puslit Kopi & Kakao Indonesia,2026-05-28 13:02:26.768
746,100,"46",Kampung Wisata Tanoker Ledokombo,2026-05-28 13:02:27.718
747,100,"6",Desa Wisata Sidomulyo,2026-05-28 13:02:28.547
748,100,"52",Museum Tembakau,2026-05-28 13:02:29.446
749,100,"54",Kampoeng Creative JFC,2026-05-28 13:02:30.138
750,100,"55",Museum Juang Sroedji Sudut Kalisat,2026-05-28 13:02:30.949
751,100,"54",Kampoeng Creative JFC,2026-05-28 13:02:31.718
752,100,"7",Gunung Gambir,2026-05-28 13:02:32.432
753,100,"23",Pantai Nanggelan,2026-05-28 13:02:33.242
754,100,"25",Pantai Paseban,2026-05-28 13:02:34.079
755,100,"45",Skyland Paralayang,2026-05-28 13:02:34.905
756,1,"3",Puslit Kopi & Kakao Indonesia,2026-05-28 13:03:19.843
757,1,"5",Makam Habib Soleh Tanggul,2026-05-28 13:03:26.364
758,101,"3",Puslit Kopi & Kakao Indonesia,2026-05-28 13:37:56.684
759,101,"49",Desa Wisata Kemiri,2026-05-28 13:37:58.117
760,101,"46",Kampung Wisata Tanoker Ledokombo,2026-05-28 13:37:59.041
761,101,"47",Desa Adat Arjasa,2026-05-28 13:38:00.195
762,101,"53",Museum Boemi Poeger,2026-05-28 13:38:01.438
763,101,"22",Tiara Waterpark,2026-05-28 13:38:02.294
764,101,"53",Museum Boemi Poeger,2026-05-28 13:38:03.088
765,101,"22",Tiara Waterpark,2026-05-28 13:38:03.884
766,101,"27",Dira Park Ambulu,2026-05-28 13:38:04.769
767,101,"40",Puncak Badean,2026-05-28 13:38:05.715
768,101,"20",Taman Botani Sukorambi,2026-05-28 13:38:06.988
769,101,"54",Kampoeng Creative JFC,2026-05-28 13:38:08.079
770,102,"8",Pemandian Kebon Agung,2026-05-28 13:38:48.661
771,102,"38",Gading Sari,2026-05-28 13:38:49.464
772,102,"2",Pantai Watu Ulo,2026-05-28 13:38:50.496
773,102,"25",Pantai Paseban,2026-05-28 13:38:51.627
774,102,"23",Pantai Nanggelan,2026-05-28 13:38:52.986
775,102,"25",Pantai Paseban,2026-05-28 13:38:54.753
776,102,"2",Pantai Watu Ulo,2026-05-28 13:38:56.055
777,102,"12",Pantai Papuma,2026-05-28 13:38:57.533
778,102,"23",Pantai Nanggelan,2026-05-28 13:38:58.919
779,102,"45",Skyland Paralayang,2026-05-28 13:39:00.211
780,103,"2",Pantai Watu Ulo,2026-05-28 13:39:28.139
781,103,"25",Pantai Paseban,2026-05-28 13:39:29.296
782,103,"9",Pantai Pancer,2026-05-28 13:39:31.232
783,103,"23",Pantai Nanggelan,2026-05-28 13:39:33.467
784,103,"26",Pantai Bandealit,2026-05-28 13:39:34.706
785,103,"12",Pantai Papuma,2026-05-28 13:39:36.345
786,104,"7",Gunung Gambir,2026-05-28 13:39:58.113
787,104,"15",PPG Pinus Sidomulyo,2026-05-28 13:39:59.841
788,104,"2",Pantai Watu Ulo,2026-05-28 13:40:01.944
789,104,"19",Air Terjun Tancak Tulis,2026-05-28 13:40:03.145
790,104,"12",Pantai Papuma,2026-05-28 13:40:04.358
791,104,"26",Pantai Bandealit,2026-05-28 13:40:05.529
792,105,"8",Pemandian Kebon Agung,2026-05-28 13:40:32.660
793,105,"42",Lariszoo,2026-05-28 13:40:34.711
794,105,"20",Taman Botani Sukorambi,2026-05-28 13:40:36.137
795,105,"41",Citra Mandiri,2026-05-28 13:40:37.581
796,105,"49",Desa Wisata Kemiri,2026-05-28 13:40:39.534
797,105,"50",Desa Wisata Dukuh Dempok,2026-05-28 13:40:40.921
798,106,"10",Jember Mini Zoo,2026-05-28 13:41:03.292
799,106,"40",Puncak Badean,2026-05-28 13:41:05.101
800,106,"1",Puncak Rembangan Resort,2026-05-28 13:41:06.249
801,106,"22",Tiara Waterpark,2026-05-28 13:41:07.573
802,106,"40",Puncak Badean,2026-05-28 13:41:10.160
803,106,"8",Pemandian Kebon Agung,2026-05-28 13:41:11.766
804,106,"13",Pemandian Patemon,2026-05-28 13:41:13.495
805,106,"50",Desa Wisata Dukuh Dempok,2026-05-28 13:41:14.910
806,107,"8",Pemandian Kebon Agung,2026-05-28 13:41:34.211
807,107,"13",Pemandian Patemon,2026-05-28 13:41:35.784
808,107,"8",Pemandian Kebon Agung,2026-05-28 13:41:37.585
809,107,"42",Lariszoo,2026-05-28 13:41:39.534
810,107,"40",Puncak Badean,2026-05-28 13:41:41.134
811,107,"8",Pemandian Kebon Agung,2026-05-28 13:41:42.437
812,108,"3",Puslit Kopi & Kakao Indonesia,2026-05-28 13:42:05.375
813,108,"6",Desa Wisata Sidomulyo,2026-05-28 13:42:08.310
814,108,"49",Desa Wisata Kemiri,2026-05-28 13:42:10.287
815,108,"42",Lariszoo,2026-05-28 13:42:11.850
816,108,"49",Desa Wisata Kemiri,2026-05-28 13:42:13.826
817,108,"46",Kampung Wisata Tanoker Ledokombo,2026-05-28 13:42:15.684
818,108,"53",Museum Boemi Poeger,2026-05-28 13:42:17.027
819,108,"42",Lariszoo,2026-05-28 13:42:18.279
820,109,"9",Pantai Pancer,2026-05-28 13:42:37.169
821,109,"22",Tiara Waterpark,2026-05-28 13:42:38.077
822,109,"40",Puncak Badean,2026-05-28 13:42:39.209
823,109,"8",Pemandian Kebon Agung,2026-05-28 13:42:40.231
824,109,"13",Pemandian Patemon,2026-05-28 13:42:41.362
825,109,"8",Pemandian Kebon Agung,2026-05-28 13:42:42.501
826,109,"13",Pemandian Patemon,2026-05-28 13:42:43.539
829,110,"23",Pantai Nanggelan,2026-05-28 13:43:07.154
832,110,"25",Pantai Paseban,2026-05-28 13:43:10.628
835,110,"44",Puncak SJ88,2026-05-28 13:43:14.554
837,111,"2",Pantai Watu Ulo,2026-05-28 13:43:44.092
840,111,"25",Pantai Paseban,2026-05-28 13:43:48.098
843,112,"2",Pantai Watu Ulo,2026-05-28 13:44:17.057
846,112,"12",Pantai Papuma,2026-05-28 13:44:20.569
849,112,"51",Museum Huruf,2026-05-28 13:44:25.794
852,113,"26",Pantai Bandealit,2026-05-28 13:44:58.907
855,113,"42",Lariszoo,2026-05-28 13:45:03.999
858,113,"23",Pantai Nanggelan,2026-05-28 13:45:12.600
861,113,"25",Pantai Paseban,2026-05-28 13:45:16.491
863,114,"27",Dira Park Ambulu,2026-05-28 14:56:16.666
866,114,"55",Museum Juang Sroedji Sudut Kalisat,2026-05-28 14:56:19.694
827,109,"8",Pemandian Kebon Agung,2026-05-28 13:42:44.702
830,110,"2",Pantai Watu Ulo,2026-05-28 13:43:08.323
833,110,"2",Pantai Watu Ulo,2026-05-28 13:43:11.987
836,110,"22",Tiara Waterpark,2026-05-28 13:43:15.752
838,111,"26",Pantai Bandealit,2026-05-28 13:43:45.413
841,111,"56",Teluk Love,2026-05-28 13:43:49.909
844,112,"9",Pantai Pancer,2026-05-28 13:44:18.101
847,112,"21",Pantai Payangan,2026-05-28 13:44:22.568
850,113,"2",Pantai Watu Ulo,2026-05-28 13:44:56.750
853,113,"56",Teluk Love,2026-05-28 13:45:00.195
856,113,"40",Puncak Badean,2026-05-28 13:45:07.041
859,113,"2",Pantai Watu Ulo,2026-05-28 13:45:13.653
864,114,"42",Lariszoo,2026-05-28 14:56:17.782
878,115,"42",Lariszoo,2026-05-28 14:57:08.019
828,109,"49",Desa Wisata Kemiri,2026-05-28 13:42:46.140
831,110,"23",Pantai Nanggelan,2026-05-28 13:43:09.652
834,110,"23",Pantai Nanggelan,2026-05-28 13:43:12.966
839,111,"2",Pantai Watu Ulo,2026-05-28 13:43:46.738
842,111,"13",Pemandian Patemon,2026-05-28 13:43:52.107
845,112,"23",Pantai Nanggelan,2026-05-28 13:44:19.181
848,112,"54",Kampoeng Creative JFC,2026-05-28 13:44:24.930
851,113,"23",Pantai Nanggelan,2026-05-28 13:44:57.715
854,113,"8",Pemandian Kebon Agung,2026-05-28 13:45:01.982
857,113,"44",Puncak SJ88,2026-05-28 13:45:10.522
860,113,"23",Pantai Nanggelan,2026-05-28 13:45:15.182
862,114,"1",Puncak Rembangan Resort,2026-05-28 14:56:15.423
865,114,"49",Desa Wisata Kemiri,2026-05-28 14:56:18.857
867,114,"42",Lariszoo,2026-05-28 14:56:22.004
868,114,"10",Jember Mini Zoo,2026-05-28 14:56:22.904
869,114,"42",Lariszoo,2026-05-28 14:56:24.194
870,114,"40",Puncak Badean,2026-05-28 14:56:25.144
871,114,"8",Pemandian Kebon Agung,2026-05-28 14:56:26.378
872,114,"29",Dira Park Kencong,2026-05-28 14:56:27.606
873,114,"28",Dira Park Balung,2026-05-28 14:56:29.118
874,114,"29",Dira Park Kencong,2026-05-28 14:56:30.318
875,115,"2",Pantai Watu Ulo,2026-05-28 14:57:04.992
876,115,"56",Teluk Love,2026-05-28 14:57:05.987
877,115,"13",Pemandian Patemon,2026-05-28 14:57:07.029
879,115,"1",Puncak Rembangan Resort,2026-05-28 14:57:09.115
880,115,"42",Lariszoo,2026-05-28 14:57:10.668
881,115,"1",Puncak Rembangan Resort,2026-05-28 14:57:11.699
882,115,"46",Kampung Wisata Tanoker Ledokombo,2026-05-28 14:57:14.254
883,116,"2",Pantai Watu Ulo,2026-05-28 14:57:37.017
884,116,"45",Skyland Paralayang,2026-05-28 14:57:45.495
885,116,"27",Dira Park Ambulu,2026-05-28 14:57:46.790
886,116,"28",Dira Park Balung,2026-05-28 14:57:48.230
887,116,"42",Lariszoo,2026-05-28 14:57:49.583
888,116,"49",Desa Wisata Kemiri,2026-05-28 14:57:51.712
889,116,"42",Lariszoo,2026-05-28 14:57:53.213
890,116,"10",Jember Mini Zoo,2026-05-28 14:57:54.547
891,117,"2",Pantai Watu Ulo,2026-05-28 14:58:23.758
892,117,"45",Skyland Paralayang,2026-05-28 14:58:24.763
893,117,"27",Dira Park Ambulu,2026-05-28 14:58:25.815
894,117,"40",Puncak Badean,2026-05-28 14:58:27.059
895,117,"8",Pemandian Kebon Agung,2026-05-28 14:58:28.199
896,117,"42",Lariszoo,2026-05-28 14:58:29.373
897,117,"49",Desa Wisata Kemiri,2026-05-28 14:58:30.409
898,117,"11",Rimba Camp,2026-05-28 14:58:32.313
899,117,"27",Dira Park Ambulu,2026-05-28 14:58:33.358
900,117,"1",Puncak Rembangan Resort,2026-05-28 14:58:35.242
901,118,"2",Pantai Watu Ulo,2026-05-28 14:58:55.483
902,118,"21",Pantai Payangan,2026-05-28 14:58:56.613
903,118,"2",Pantai Watu Ulo,2026-05-28 14:58:58.109
904,118,"26",Pantai Bandealit,2026-05-28 14:58:59.277
905,118,"9",Pantai Pancer,2026-05-28 14:59:00.285
906,118,"2",Pantai Watu Ulo,2026-05-28 14:59:01.136
907,118,"56",Teluk Love,2026-05-28 14:59:02.449
908,119,"2",Pantai Watu Ulo,2026-05-28 14:59:22.884
909,119,"56",Teluk Love,2026-05-28 14:59:23.978
910,119,"40",Puncak Badean,2026-05-28 14:59:24.939
911,119,"16",Taman Galaxy,2026-05-28 14:59:26.008
912,119,"42",Lariszoo,2026-05-28 14:59:27.557
913,119,"46",Kampung Wisata Tanoker Ledokombo,2026-05-28 14:59:28.882
914,119,"6",Desa Wisata Sidomulyo,2026-05-28 14:59:30.721
915,120,"2",Pantai Watu Ulo,2026-05-28 14:59:55.108
916,120,"9",Pantai Pancer,2026-05-28 14:59:56.433
917,120,"25",Pantai Paseban,2026-05-28 14:59:57.224
918,120,"9",Pantai Pancer,2026-05-28 14:59:58.348
919,120,"26",Pantai Bandealit,2026-05-28 14:59:59.261
920,120,"23",Pantai Nanggelan,2026-05-28 15:00:00.594
921,120,"25",Pantai Paseban,2026-05-28 15:00:02.029
922,120,"2",Pantai Watu Ulo,2026-05-28 15:00:03.656
923,121,"2",Pantai Watu Ulo,2026-05-28 15:00:23.641
924,121,"26",Pantai Bandealit,2026-05-28 15:00:24.852
925,121,"25",Pantai Paseban,2026-05-28 15:00:25.869
926,121,"45",Skyland Paralayang,2026-05-28 15:00:27.251
927,121,"10",Jember Mini Zoo,2026-05-28 15:00:29.317
928,121,"42",Lariszoo,2026-05-28 15:00:32.429
929,121,"49",Desa Wisata Kemiri,2026-05-28 15:00:33.552
930,121,"50",Desa Wisata Dukuh Dempok,2026-05-28 15:00:34.470
931,121,"6",Desa Wisata Sidomulyo,2026-05-28 15:00:36.115
932,122,"2",Pantai Watu Ulo,2026-05-28 15:00:57.074
933,122,"9",Pantai Pancer,2026-05-28 15:00:58.174
934,122,"45",Skyland Paralayang,2026-05-28 15:00:59.032
935,122,"46",Kampung Wisata Tanoker Ledokombo,2026-05-28 15:01:00.453
936,122,"55",Museum Juang Sroedji Sudut Kalisat,2026-05-28 15:01:01.605
937,122,"53",Museum Boemi Poeger,2026-05-28 15:01:03.295
938,122,"54",Kampoeng Creative JFC,2026-05-28 15:01:03.862
939,122,"46",Kampung Wisata Tanoker Ledokombo,2026-05-28 15:01:04.853
940,122,"47",Desa Adat Arjasa,2026-05-28 15:01:05.757
941,122,"55",Museum Juang Sroedji Sudut Kalisat,2026-05-28 15:01:06.807
942,122,"51",Museum Huruf,2026-05-28 15:01:08.544
943,123,"2",Pantai Watu Ulo,2026-05-28 15:01:28.135
944,123,"21",Pantai Payangan,2026-05-28 15:01:29.334
945,123,"12",Pantai Papuma,2026-05-28 15:01:30.950
946,123,"9",Pantai Pancer,2026-05-28 15:01:32.676
947,123,"26",Pantai Bandealit,2026-05-28 15:01:34.104
948,123,"25",Pantai Paseban,2026-05-28 15:01:35.722
949,123,"26",Pantai Bandealit,2026-05-28 15:01:36.090
950,123,"12",Pantai Papuma,2026-05-28 15:01:37.490
951,123,"25",Pantai Paseban,2026-05-28 15:01:38.596
952,123,"19",Air Terjun Tancak Tulis,2026-05-28 15:01:40.021
953,124,"2",Pantai Watu Ulo,2026-05-28 15:01:57.886
954,124,"56",Teluk Love,2026-05-28 15:01:58.970
955,124,"43",Seger Nusantara,2026-05-28 15:01:59.972
956,124,"13",Pemandian Patemon,2026-05-28 15:02:01.599
957,124,"42",Lariszoo,2026-05-28 15:02:03.675
958,124,"40",Puncak Badean,2026-05-28 15:02:06.114
959,124,"20",Taman Botani Sukorambi,2026-05-28 15:02:07.329
960,124,"41",Citra Mandiri,2026-05-28 15:02:09.153
961,124,"49",Desa Wisata Kemiri,2026-05-28 15:02:10.455
962,124,"46",Kampung Wisata Tanoker Ledokombo,2026-05-28 15:02:12.164
963,125,"2",Pantai Watu Ulo,2026-05-28 15:02:30.532
964,125,"26",Pantai Bandealit,2026-05-28 15:02:31.912
965,125,"21",Pantai Payangan,2026-05-28 15:02:33.239
966,125,"12",Pantai Papuma,2026-05-28 15:02:34.586
967,125,"23",Pantai Nanggelan,2026-05-28 15:02:36.288
968,125,"26",Pantai Bandealit,2026-05-28 15:02:38.139
969,125,"56",Teluk Love,2026-05-28 15:02:39.645
970,125,"16",Taman Galaxy,2026-05-28 15:02:41.811
971,125,"37",Gumuk Watu,2026-05-28 15:02:44.214
972,126,"2",Pantai Watu Ulo,2026-05-28 15:03:02.482
973,126,"21",Pantai Payangan,2026-05-28 15:03:05.144
974,126,"25",Pantai Paseban,2026-05-28 15:03:06.226
975,126,"2",Pantai Watu Ulo,2026-05-28 15:03:07.610
980,126,"26",Pantai Bandealit,2026-05-28 15:03:13.901
985,126,"19",Air Terjun Tancak Tulis,2026-05-28 15:03:19.579
987,127,"26",Pantai Bandealit,2026-05-28 15:03:36.833
992,127,"22",Tiara Waterpark,2026-05-28 15:03:45.920
999,128,"16",Taman Galaxy,2026-05-28 15:04:12.226
1004,128,"49",Desa Wisata Kemiri,2026-05-28 15:04:21.417
1006,129,"45",Skyland Paralayang,2026-05-28 15:04:39.673
1011,129,"2",Pantai Watu Ulo,2026-05-28 15:04:46.560
1016,129,"54",Kampoeng Creative JFC,2026-05-28 15:04:53.441
1018,130,"29",Dira Park Kencong,2026-05-28 15:05:20.931
1023,130,"22",Tiara Waterpark,2026-05-28 15:05:27.621
1029,131,"54",Kampoeng Creative JFC,2026-05-28 15:05:56.743
1034,131,"50",Desa Wisata Dukuh Dempok,2026-05-28 15:06:03.028
976,126,"9",Pantai Pancer,2026-05-28 15:03:08.883
981,126,"25",Pantai Paseban,2026-05-28 15:03:14.971
988,127,"56",Teluk Love,2026-05-28 15:03:37.801
993,127,"28",Dira Park Balung,2026-05-28 15:03:47.154
995,128,"2",Pantai Watu Ulo,2026-05-28 15:04:05.646
1000,128,"8",Pemandian Kebon Agung,2026-05-28 15:04:13.444
1007,129,"23",Pantai Nanggelan,2026-05-28 15:04:41.527
1012,129,"23",Pantai Nanggelan,2026-05-28 15:04:48.070
1017,129,"29",Dira Park Kencong,2026-05-28 15:04:55.923
1019,130,"28",Dira Park Balung,2026-05-28 15:05:22.019
1024,130,"45",Skyland Paralayang,2026-05-28 15:05:29.047
1030,131,"51",Museum Huruf,2026-05-28 15:05:57.351
1035,131,"6",Desa Wisata Sidomulyo,2026-05-28 15:06:03.811
977,126,"23",Pantai Nanggelan,2026-05-28 15:03:10.230
982,126,"26",Pantai Bandealit,2026-05-28 15:03:16.097
989,127,"29",Dira Park Kencong,2026-05-28 15:03:39.758
994,127,"27",Dira Park Ambulu,2026-05-28 15:03:48.616
996,128,"25",Pantai Paseban,2026-05-28 15:04:06.908
1001,128,"43",Seger Nusantara,2026-05-28 15:04:15.335
1008,129,"9",Pantai Pancer,2026-05-28 15:04:42.761
1013,129,"12",Pantai Papuma,2026-05-28 15:04:49.238
1020,130,"42",Lariszoo,2026-05-28 15:05:23.591
1025,130,"44",Puncak SJ88,2026-05-28 15:05:30.347
1026,131,"6",Desa Wisata Sidomulyo,2026-05-28 15:05:53.226
1031,131,"55",Museum Juang Sroedji Sudut Kalisat,2026-05-28 15:05:58.799
978,126,"9",Pantai Pancer,2026-05-28 15:03:11.336
983,126,"9",Pantai Pancer,2026-05-28 15:03:17.506
990,127,"1",Puncak Rembangan Resort,2026-05-28 15:03:41.489
997,128,"2",Pantai Watu Ulo,2026-05-28 15:04:08.298
1002,128,"20",Taman Botani Sukorambi,2026-05-28 15:04:17.583
1009,129,"26",Pantai Bandealit,2026-05-28 15:04:44.429
1014,129,"23",Pantai Nanggelan,2026-05-28 15:04:50.214
1021,130,"1",Puncak Rembangan Resort,2026-05-28 15:05:24.875
1027,131,"46",Kampung Wisata Tanoker Ledokombo,2026-05-28 15:05:54.498
1032,131,"10",Jember Mini Zoo,2026-05-28 15:06:00.408
979,126,"25",Pantai Paseban,2026-05-28 15:03:12.867
984,126,"25",Pantai Paseban,2026-05-28 15:03:18.518
986,127,"2",Pantai Watu Ulo,2026-05-28 15:03:35.541
991,127,"27",Dira Park Ambulu,2026-05-28 15:03:44.170
998,128,"56",Teluk Love,2026-05-28 15:04:10.364
1003,128,"43",Seger Nusantara,2026-05-28 15:04:19.848
1005,129,"2",Pantai Watu Ulo,2026-05-28 15:04:38.183
1010,129,"9",Pantai Pancer,2026-05-28 15:04:45.569
1015,129,"21",Pantai Payangan,2026-05-28 15:04:51.662
1022,130,"27",Dira Park Ambulu,2026-05-28 15:05:26.006
1028,131,"53",Museum Boemi Poeger,2026-05-28 15:05:55.552
1033,131,"1",Puncak Rembangan Resort,2026-05-28 15:06:02.074
1036,132,"2",Pantai Watu Ulo,2026-05-28 15:06:23.220
1037,132,"25",Pantai Paseban,2026-05-28 15:06:24.175
1038,132,"12",Pantai Papuma,2026-05-28 15:06:25.360
1039,132,"23",Pantai Nanggelan,2026-05-28 15:06:26.031
1040,132,"9",Pantai Pancer,2026-05-28 15:06:27.036
1041,132,"21",Pantai Payangan,2026-05-28 15:06:28.117
1042,132,"19",Air Terjun Tancak Tulis,2026-05-28 15:06:28.856
1043,132,"18",Air Terjun Antrokan,2026-05-28 15:06:30.040
1044,132,"17",Air Terjun Tancak,2026-05-28 15:06:31.139
1045,132,"8",Pemandian Kebon Agung,2026-05-28 15:06:32.331
1046,132,"55",Museum Juang Sroedji Sudut Kalisat,2026-05-28 15:06:33.267
1047,132,"52",Museum Tembakau,2026-05-28 15:06:34.207
1048,132,"10",Jember Mini Zoo,2026-05-28 15:06:34.957
1049,132,"29",Dira Park Kencong,2026-05-28 15:06:35.710
1050,132,"11",Rimba Camp,2026-05-28 15:06:36.490
1051,132,"27",Dira Park Ambulu,2026-05-28 15:06:37.634
1052,133,"2",Pantai Watu Ulo,2026-05-28 15:06:56.366
1053,133,"26",Pantai Bandealit,2026-05-28 15:06:57.423
1054,133,"21",Pantai Payangan,2026-05-28 15:06:59.152
1055,133,"2",Pantai Watu Ulo,2026-05-28 15:07:00.490
1056,133,"9",Pantai Pancer,2026-05-28 15:07:02.198
1057,133,"23",Pantai Nanggelan,2026-05-28 15:07:03.576
1058,133,"45",Skyland Paralayang,2026-05-28 15:07:04.691
1059,133,"44",Puncak SJ88,2026-05-28 15:07:06.734
1060,134,"2",Pantai Watu Ulo,2026-05-28 15:07:21.714
1061,134,"23",Pantai Nanggelan,2026-05-28 15:07:22.945
1062,134,"21",Pantai Payangan,2026-05-28 15:07:24.315
1063,134,"26",Pantai Bandealit,2026-05-28 15:07:25.220
1064,134,"12",Pantai Papuma,2026-05-28 15:07:26.074
1065,134,"21",Pantai Payangan,2026-05-28 15:07:27.968
1066,134,"23",Pantai Nanggelan,2026-05-28 15:07:29.035
1067,134,"2",Pantai Watu Ulo,2026-05-28 15:07:29.699
1068,134,"21",Pantai Payangan,2026-05-28 15:07:30.967
1069,134,"9",Pantai Pancer,2026-05-28 15:07:31.802
1070,134,"25",Pantai Paseban,2026-05-28 15:07:32.824
1071,134,"23",Pantai Nanggelan,2026-05-28 15:07:33.710
1072,134,"44",Puncak SJ88,2026-05-28 15:07:34.883
1073,134,"37",Gumuk Watu,2026-05-28 15:07:36.023
1074,134,"7",Gunung Gambir,2026-05-28 15:07:37.254
1075,135,"2",Pantai Watu Ulo,2026-05-28 15:08:01.636
1076,135,"12",Pantai Papuma,2026-05-28 15:08:03.128
1077,135,"9",Pantai Pancer,2026-05-28 15:08:04.504
1078,135,"12",Pantai Papuma,2026-05-28 15:08:05.938
1079,135,"23",Pantai Nanggelan,2026-05-28 15:08:06.750
1080,135,"26",Pantai Bandealit,2026-05-28 15:08:08.314
1081,135,"23",Pantai Nanggelan,2026-05-28 15:08:09.270
1082,135,"45",Skyland Paralayang,2026-05-28 15:08:10.300
1083,135,"46",Kampung Wisata Tanoker Ledokombo,2026-05-28 15:08:12.224
1084,135,"49",Desa Wisata Kemiri,2026-05-28 15:08:13.522
1085,136,"2",Pantai Watu Ulo,2026-05-28 15:08:31.253
1086,136,"21",Pantai Payangan,2026-05-28 15:08:32.552
1087,136,"25",Pantai Paseban,2026-05-28 15:08:33.797
1088,136,"19",Air Terjun Tancak Tulis,2026-05-28 15:08:35.115
1089,136,"17",Air Terjun Tancak,2026-05-28 15:08:36.490
1090,136,"19",Air Terjun Tancak Tulis,2026-05-28 15:08:37.648
1091,136,"14",Air Terjun Kebun Rayap,2026-05-28 15:08:38.978
1092,136,"18",Air Terjun Antrokan,2026-05-28 15:08:40.466
1093,136,"17",Air Terjun Tancak,2026-05-28 15:08:42.281
1094,137,"2",Pantai Watu Ulo,2026-05-28 15:09:01.947
1095,137,"12",Pantai Papuma,2026-05-28 15:09:03.841
1096,137,"3",Puslit Kopi & Kakao Indonesia,2026-05-28 15:09:06.144
1097,137,"52",Museum Tembakau,2026-05-28 15:09:07.428
1098,137,"55",Museum Juang Sroedji Sudut Kalisat,2026-05-28 15:09:08.917
1099,137,"51",Museum Huruf,2026-05-28 15:09:10.182
1100,137,"52",Museum Tembakau,2026-05-28 15:09:11.409
1101,137,"42",Lariszoo,2026-05-28 15:09:12.287
1102,137,"16",Taman Galaxy,2026-05-28 15:09:13.072
1103,137,"32",Sendang Tirta Amerta Rajasa,2026-05-28 15:09:14.009
1104,137,"50",Desa Wisata Dukuh Dempok,2026-05-28 15:09:14.666
1105,137,"47",Desa Adat Arjasa,2026-05-28 15:09:15.590
1106,137,"48",Desa Budaya Klungkung,2026-05-28 15:09:16.577
1107,137,"49",Desa Wisata Kemiri,2026-05-28 15:09:18.247
1108,138,"2",Pantai Watu Ulo,2026-05-28 15:09:35.216
1109,138,"19",Air Terjun Tancak Tulis,2026-05-28 15:09:36.012
1110,138,"14",Air Terjun Kebun Rayap,2026-05-28 15:09:37.063
1111,138,"36",Air Terjun Anugerah,2026-05-28 15:09:39.407
1112,138,"24",Air Terjun 7 Bidadari,2026-05-28 15:09:40.405
1113,138,"36",Air Terjun Anugerah,2026-05-28 15:09:41.934
1114,138,"14",Air Terjun Kebun Rayap,2026-05-28 15:09:43.548
1115,138,"24",Air Terjun 7 Bidadari,2026-05-28 15:09:44.712
1116,138,"17",Air Terjun Tancak,2026-05-28 15:09:45.798
1117,138,"18",Air Terjun Antrokan,2026-05-28 15:09:46.986
1118,138,"14",Air Terjun Kebun Rayap,2026-05-28 15:09:48.135
1119,138,"13",Pemandian Patemon,2026-05-28 15:09:49.441
1120,138,"42",Lariszoo,2026-05-28 15:09:51.250
1121,139,"2",Pantai Watu Ulo,2026-05-28 15:10:12.070
1122,139,"26",Pantai Bandealit,2026-05-28 15:10:13.460
1123,139,"9",Pantai Pancer,2026-05-28 15:10:16.177
1124,139,"25",Pantai Paseban,2026-05-28 15:10:18.572
1125,139,"45",Skyland Paralayang,2026-05-28 15:10:20.492
1126,139,"10",Jember Mini Zoo,2026-05-28 15:10:22.322
1127,139,"29",Dira Park Kencong,2026-05-28 15:10:23.454
1128,139,"28",Dira Park Balung,2026-05-28 15:10:24.795
1129,139,"22",Tiara Waterpark,2026-05-28 15:10:25.867
1130,140,"2",Pantai Watu Ulo,2026-05-28 15:10:43.421
1131,140,"45",Skyland Paralayang,2026-05-28 15:10:44.558
1132,140,"23",Pantai Nanggelan,2026-05-28 15:10:45.718
1133,140,"25",Pantai Paseban,2026-05-28 15:10:46.923
1134,140,"19",Air Terjun Tancak Tulis,2026-05-28 15:10:47.916
1135,140,"18",Air Terjun Antrokan,2026-05-28 15:10:49.214
1136,140,"14",Air Terjun Kebun Rayap,2026-05-28 15:10:50.126
1137,140,"24",Air Terjun 7 Bidadari,2026-05-28 15:10:51.030
1138,140,"19",Air Terjun Tancak Tulis,2026-05-28 15:10:52.192
1139,140,"8",Pemandian Kebon Agung,2026-05-28 15:10:53.384
1140,141,"2",Pantai Watu Ulo,2026-05-28 15:11:11.771
1141,141,"23",Pantai Nanggelan,2026-05-28 15:11:12.735
1142,141,"9",Pantai Pancer,2026-05-28 15:11:13.574
1143,141,"23",Pantai Nanggelan,2026-05-28 15:11:14.335
1148,141,"11",Rimba Camp,2026-05-28 15:11:20.276
1150,142,"9",Pantai Pancer,2026-05-28 15:11:46.423
1155,142,"29",Dira Park Kencong,2026-05-28 15:11:50.033
1162,143,"21",Pantai Payangan,2026-05-28 15:12:17.019
1167,143,"49",Desa Wisata Kemiri,2026-05-28 15:12:23.549
1174,144,"56",Teluk Love,2026-05-28 15:13:12.041
1179,144,"22",Tiara Waterpark,2026-05-28 15:13:17.061
1184,144,"53",Museum Boemi Poeger,2026-05-28 15:13:21.991
1144,141,"9",Pantai Pancer,2026-05-28 15:11:15.189
1151,142,"12",Pantai Papuma,2026-05-28 15:11:47.159
1156,142,"28",Dira Park Balung,2026-05-28 15:11:50.929
1163,143,"26",Pantai Bandealit,2026-05-28 15:12:17.808
1168,143,"42",Lariszoo,2026-05-28 15:12:24.993
1170,144,"2",Pantai Watu Ulo,2026-05-28 15:13:07.735
1175,144,"13",Pemandian Patemon,2026-05-28 15:13:12.918
1180,144,"29",Dira Park Kencong,2026-05-28 15:13:18.034
1185,144,"45",Skyland Paralayang,2026-05-28 15:13:23.108
1145,141,"22",Tiara Waterpark,2026-05-28 15:11:15.981
1152,142,"9",Pantai Pancer,2026-05-28 15:11:47.888
1157,142,"29",Dira Park Kencong,2026-05-28 15:11:52.278
1159,143,"2",Pantai Watu Ulo,2026-05-28 15:12:13.944
1164,143,"16",Taman Galaxy,2026-05-28 15:12:19.299
1169,143,"1",Puncak Rembangan Resort,2026-05-28 15:12:26.485
1171,144,"12",Pantai Papuma,2026-05-28 15:13:09.121
1176,144,"53",Museum Boemi Poeger,2026-05-28 15:13:13.708
1181,144,"1",Puncak Rembangan Resort,2026-05-28 15:13:18.930
1146,141,"42",Lariszoo,2026-05-28 15:11:16.905
1153,142,"25",Pantai Paseban,2026-05-28 15:11:48.632
1158,142,"40",Puncak Badean,2026-05-28 15:11:53.499
1160,143,"12",Pantai Papuma,2026-05-28 15:12:15.193
1165,143,"56",Teluk Love,2026-05-28 15:12:20.609
1172,144,"23",Pantai Nanggelan,2026-05-28 15:13:10.198
1177,144,"54",Kampoeng Creative JFC,2026-05-28 15:13:14.466
1182,144,"49",Desa Wisata Kemiri,2026-05-28 15:13:19.799
1147,141,"1",Puncak Rembangan Resort,2026-05-28 15:11:18.005
1149,142,"2",Pantai Watu Ulo,2026-05-28 15:11:45.125
1154,142,"56",Teluk Love,2026-05-28 15:11:49.304
1161,143,"23",Pantai Nanggelan,2026-05-28 15:12:16.135
1166,143,"8",Pemandian Kebon Agung,2026-05-28 15:12:21.531
1173,144,"2",Pantai Watu Ulo,2026-05-28 15:13:11.141
1178,144,"29",Dira Park Kencong,2026-05-28 15:13:15.974
1183,144,"6",Desa Wisata Sidomulyo,2026-05-28 15:13:20.882
